-- phpMyAdmin SQL Dump
-- version 5.0.2
-- https://www.phpmyadmin.net/
--
-- Host: 127.0.0.1
-- Generation Time: May 20, 2020 at 11:25 AM
-- Server version: 10.4.11-MariaDB
-- PHP Version: 7.2.30

SET SQL_MODE = "NO_AUTO_VALUE_ON_ZERO";
START TRANSACTION;
SET time_zone = "+00:00";


/*!40101 SET @OLD_CHARACTER_SET_CLIENT=@@CHARACTER_SET_CLIENT */;
/*!40101 SET @OLD_CHARACTER_SET_RESULTS=@@CHARACTER_SET_RESULTS */;
/*!40101 SET @OLD_COLLATION_CONNECTION=@@COLLATION_CONNECTION */;
/*!40101 SET NAMES utf8mb4 */;

--
-- Database: `accesscontrolapi`
--

-- --------------------------------------------------------

--
-- Table structure for table `apiusers`
--

CREATE TABLE `apiusers` (
  `id` int(11) NOT NULL,
  `username` varchar(255) NOT NULL,
  `passwd` varchar(255) NOT NULL,
  `status` char(1) NOT NULL
) ENGINE=InnoDB DEFAULT CHARSET=latin1;

--
-- Dumping data for table `apiusers`
--

INSERT INTO `apiusers` (`id`, `username`, `passwd`, `status`) VALUES
(1, 'prime', 'pswd', 'A'),
(2, 'eye-d', 'passwd', 'A'),
(3, 'nplsu', '888888', 'A');

-- --------------------------------------------------------

--
-- Table structure for table `barcodes`
--

CREATE TABLE `barcodes` (
  `id` int(11) NOT NULL,
  `barcode` varchar(255) NOT NULL,
  `date` timestamp NOT NULL DEFAULT current_timestamp()
) ENGINE=InnoDB DEFAULT CHARSET=latin1;

--
-- Dumping data for table `barcodes`
--

INSERT INTO `barcodes` (`id`, `barcode`, `date`) VALUES
(1, '10006127', '2020-02-12 15:33:13'),
(2, '8904133016353', '2020-02-12 15:33:16'),
(3, '1053598', '2020-02-12 15:33:16'),
(4, '201908143436', '2020-02-12 15:33:28');

-- --------------------------------------------------------

--
-- Table structure for table `boomgates`
--

CREATE TABLE `boomgates` (
  `id` int(11) NOT NULL,
  `name` varchar(255) NOT NULL,
  `ip` varchar(255) NOT NULL,
  `port` int(11) NOT NULL,
  `username` varchar(255) NOT NULL,
  `password` varchar(255) NOT NULL,
  `status` char(1) NOT NULL
) ENGINE=InnoDB DEFAULT CHARSET=utf8mb4;

--
-- Dumping data for table `boomgates`
--

INSERT INTO `boomgates` (`id`, `name`, `ip`, `port`, `username`, `password`, `status`) VALUES
(1, 'BOOMGATE1', '192.168.100.50', 80, 'admin', '1234', 'A'),
(2, 'BOOMGATE2', '192.168.100.51', 80, 'admin', '1234', 'A');

-- --------------------------------------------------------

--
-- Table structure for table `boomseqnos`
--

CREATE TABLE `boomseqnos` (
  `id` int(11) NOT NULL,
  `boom_id` int(11) NOT NULL,
  `seqno` int(11) NOT NULL,
  `rollovercount` int(11) NOT NULL DEFAULT 0
) ENGINE=InnoDB DEFAULT CHARSET=utf8mb4;

--
-- Dumping data for table `boomseqnos`
--

INSERT INTO `boomseqnos` (`id`, `boom_id`, `seqno`, `rollovercount`) VALUES
(1, 1, 6758, 0),
(2, 2, 2242, 0);

-- --------------------------------------------------------

--
-- Table structure for table `events`
--

CREATE TABLE `events` (
  `id` int(11) NOT NULL,
  `event_id` int(11) NOT NULL,
  `date` varchar(255) NOT NULL,
  `time` varchar(255) NOT NULL,
  `card_no` int(11) NOT NULL,
  `boom_id` int(11) NOT NULL
) ENGINE=InnoDB DEFAULT CHARSET=utf8mb4;

--
-- Dumping data for table `events`
--

INSERT INTO `events` (`id`, `event_id`, `date`, `time`, `card_no`, `boom_id`) VALUES
(1, 459, '19/5/2020', '13:56:46', 14811136, 1),
(2, 459, '19/5/2020', '13:56:47', 14811136, 1),
(3, 459, '19/5/2020', '13:56:49', 14811136, 1),
(4, 459, '19/5/2020', '13:56:51', 14811136, 1),
(5, 459, '19/5/2020', '13:56:53', 14811136, 1),
(6, 459, '19/5/2020', '13:56:55', 14811136, 1),
(7, 459, '19/5/2020', '13:56:56', 14811136, 1),
(8, 459, '19/5/2020', '13:56:57', 14811136, 1),
(9, 459, '19/5/2020', '13:56:58', 14811136, 1),
(10, 459, '19/5/2020', '13:57:4', 14811136, 1),
(11, 459, '19/5/2020', '13:57:19', 14811136, 1),
(12, 459, '19/5/2020', '13:57:21', 14811136, 1),
(13, 459, '19/5/2020', '13:57:22', 14811136, 1),
(14, 459, '19/5/2020', '13:57:23', 14811136, 1),
(15, 459, '19/5/2020', '13:57:25', 14811136, 1),
(16, 459, '19/5/2020', '13:57:26', 14811136, 1),
(17, 459, '19/5/2020', '13:57:28', 14811136, 1),
(18, 459, '19/5/2020', '13:57:29', 14811136, 1),
(19, 459, '19/5/2020', '13:57:30', 14811136, 1),
(20, 459, '19/5/2020', '13:57:31', 14811136, 1),
(21, 459, '19/5/2020', '14:11:40', 14811136, 1),
(22, 459, '19/5/2020', '14:11:51', 14811136, 1),
(23, 459, '19/5/2020', '14:11:53', 14811136, 1),
(24, 459, '19/5/2020', '14:20:6', 14811136, 1),
(25, 459, '19/5/2020', '14:20:7', 14811136, 1),
(26, 459, '19/5/2020', '14:20:10', 14811136, 1),
(27, 459, '19/5/2020', '14:26:0', 14811136, 1),
(28, 101, '19/5/2020', '14:26:1', 12345678, 1),
(29, 459, '19/5/2020', '14:30:16', 14811136, 1),
(30, 459, '19/5/2020', '14:32:4', 14811136, 1),
(31, 101, '19/5/2020', '14:33:10', 87654321, 1),
(32, 101, '19/5/2020', '14:33:21', 87654321, 1),
(33, 101, '19/5/2020', '14:33:22', 87654321, 1),
(34, 101, '19/5/2020', '14:33:32', 87654321, 1),
(35, 101, '19/5/2020', '14:33:37', 87654321, 1),
(36, 101, '19/5/2020', '14:33:41', 87654321, 1),
(37, 101, '19/5/2020', '14:33:42', 87654321, 1),
(38, 101, '19/5/2020', '14:33:44', 87654321, 1),
(39, 101, '19/5/2020', '14:34:0', 87654321, 1),
(40, 101, '19/5/2020', '14:34:2', 87654321, 1),
(41, 101, '19/5/2020', '14:34:2', 12345678, 1),
(42, 101, '19/5/2020', '14:34:3', 12345678, 1),
(43, 101, '19/5/2020', '14:34:4', 87654321, 1),
(44, 459, '19/5/2020', '14:34:5', 80268496, 1),
(45, 459, '19/5/2020', '14:38:38', 14811136, 1),
(46, 459, '19/5/2020', '14:48:23', 14811136, 1),
(47, 459, '19/5/2020', '15:4:46', 14811136, 1),
(48, 459, '19/5/2020', '15:11:23', 14811136, 1),
(49, 101, '19/5/2020', '15:14:59', 87654321, 1),
(50, 101, '19/5/2020', '15:15:0', 87654321, 1),
(51, 101, '19/5/2020', '15:15:1', 87654321, 1),
(52, 101, '19/5/2020', '15:15:2', 87654321, 1),
(53, 101, '19/5/2020', '15:15:3', 87654321, 1),
(54, 101, '19/5/2020', '15:15:5', 87654321, 1),
(55, 101, '19/5/2020', '15:15:6', 87654321, 1),
(56, 101, '19/5/2020', '15:15:7', 87654321, 1),
(57, 101, '19/5/2020', '15:15:9', 87654321, 1),
(58, 101, '19/5/2020', '15:15:10', 87654321, 1),
(59, 101, '19/5/2020', '15:15:11', 87654321, 1),
(60, 101, '19/5/2020', '15:15:13', 87654321, 1),
(61, 101, '19/5/2020', '15:16:10', 87654321, 1),
(62, 101, '19/5/2020', '15:16:11', 87654321, 1),
(63, 101, '19/5/2020', '15:16:27', 87654321, 1),
(64, 101, '19/5/2020', '15:16:28', 87654321, 1),
(65, 101, '19/5/2020', '15:16:29', 87654321, 1),
(66, 101, '19/5/2020', '15:17:14', 87654321, 1),
(67, 101, '19/5/2020', '15:17:15', 87654321, 1),
(68, 101, '19/5/2020', '15:17:17', 87654321, 1),
(69, 101, '19/5/2020', '15:17:19', 87654321, 1),
(70, 101, '19/5/2020', '15:17:20', 87654321, 1),
(71, 101, '19/5/2020', '15:17:21', 87654321, 1),
(72, 101, '19/5/2020', '15:17:22', 87654321, 1),
(73, 101, '19/5/2020', '15:17:24', 87654321, 1),
(74, 101, '19/5/2020', '15:17:26', 87654321, 1),
(75, 101, '19/5/2020', '15:17:27', 87654321, 1),
(76, 101, '19/5/2020', '15:17:29', 87654321, 1),
(77, 101, '19/5/2020', '15:17:30', 87654321, 1),
(78, 101, '19/5/2020', '15:17:32', 87654321, 1),
(79, 101, '19/5/2020', '15:17:33', 87654321, 1),
(80, 101, '19/5/2020', '15:17:35', 87654321, 1),
(81, 101, '19/5/2020', '15:17:36', 87654321, 1),
(82, 101, '19/5/2020', '15:17:38', 87654321, 1),
(83, 101, '19/5/2020', '15:17:39', 87654321, 1),
(84, 101, '19/5/2020', '15:17:41', 87654321, 1),
(85, 101, '19/5/2020', '15:17:42', 87654321, 1),
(86, 101, '19/5/2020', '15:17:44', 87654321, 1),
(87, 101, '19/5/2020', '15:17:45', 87654321, 1),
(88, 101, '19/5/2020', '15:17:47', 87654321, 1),
(89, 101, '19/5/2020', '15:17:49', 87654321, 1),
(90, 101, '19/5/2020', '15:17:50', 87654321, 1),
(91, 459, '19/5/2020', '15:23:13', 14811136, 1),
(92, 459, '19/5/2020', '15:23:17', 14811136, 1),
(93, 459, '19/5/2020', '15:33:20', 14811136, 1),
(94, 459, '19/5/2020', '15:33:22', 14811136, 1),
(95, 459, '19/5/2020', '15:33:24', 14811136, 1),
(96, 459, '19/5/2020', '15:33:26', 14811136, 1),
(97, 459, '19/5/2020', '15:33:33', 14811136, 1),
(98, 459, '19/5/2020', '15:33:37', 14811136, 1),
(99, 459, '19/5/2020', '15:33:39', 14811136, 1),
(100, 459, '19/5/2020', '15:33:46', 14811136, 1),
(101, 459, '19/5/2020', '15:33:47', 14811136, 1),
(102, 459, '19/5/2020', '15:33:48', 14811136, 1),
(103, 459, '19/5/2020', '15:33:51', 14811136, 1),
(104, 459, '19/5/2020', '15:33:53', 14811136, 1),
(105, 459, '19/5/2020', '15:33:55', 14811136, 1),
(106, 459, '19/5/2020', '15:33:56', 14811136, 1),
(107, 459, '19/5/2020', '15:33:59', 14811136, 1),
(108, 459, '19/5/2020', '15:34:0', 14811136, 1),
(109, 101, '19/5/2020', '12:12:20', 87654321, 2),
(110, 101, '19/5/2020', '12:12:22', 87654321, 2),
(111, 101, '19/5/2020', '15:42:20', 87654321, 1),
(112, 101, '19/5/2020', '15:42:21', 87654321, 1),
(113, 101, '19/5/2020', '15:42:22', 87654321, 1),
(114, 101, '19/5/2020', '15:42:23', 87654321, 1),
(115, 101, '19/5/2020', '15:42:24', 87654321, 1),
(116, 101, '19/5/2020', '12:12:23', 87654321, 2),
(117, 101, '19/5/2020', '12:12:24', 87654321, 2),
(118, 101, '19/5/2020', '12:12:25', 87654321, 2),
(119, 101, '19/5/2020', '12:12:26', 87654321, 2),
(120, 101, '19/5/2020', '12:12:27', 87654321, 2),
(121, 101, '19/5/2020', '15:42:25', 87654321, 1),
(122, 101, '19/5/2020', '15:42:27', 87654321, 1),
(123, 101, '19/5/2020', '15:42:28', 87654321, 1),
(124, 101, '19/5/2020', '15:42:29', 87654321, 1),
(125, 101, '19/5/2020', '12:12:29', 87654321, 2),
(126, 101, '19/5/2020', '15:43:6', 87654321, 1),
(127, 101, '19/5/2020', '15:43:7', 87654321, 1),
(128, 101, '19/5/2020', '15:43:8', 87654321, 1),
(129, 101, '19/5/2020', '12:13:7', 87654321, 2),
(130, 101, '19/5/2020', '12:13:8', 87654321, 2),
(131, 101, '19/5/2020', '12:13:9', 87654321, 2),
(132, 101, '19/5/2020', '12:13:10', 87654321, 2),
(133, 101, '19/5/2020', '12:13:11', 87654321, 2),
(134, 101, '19/5/2020', '15:43:9', 87654321, 1),
(135, 101, '19/5/2020', '15:43:10', 87654321, 1),
(136, 101, '19/5/2020', '15:43:11', 87654321, 1),
(137, 101, '19/5/2020', '15:43:13', 87654321, 1),
(138, 101, '19/5/2020', '15:43:14', 87654321, 1),
(139, 101, '19/5/2020', '12:13:12', 87654321, 2),
(140, 101, '19/5/2020', '12:13:13', 87654321, 2),
(141, 101, '19/5/2020', '12:13:14', 87654321, 2),
(142, 101, '19/5/2020', '12:13:15', 87654321, 2),
(143, 101, '19/5/2020', '12:13:16', 87654321, 2),
(144, 101, '19/5/2020', '15:43:15', 87654321, 1),
(145, 101, '19/5/2020', '15:43:17', 87654321, 1),
(146, 101, '19/5/2020', '15:43:18', 87654321, 1),
(147, 101, '19/5/2020', '15:43:20', 12345678, 1),
(148, 101, '19/5/2020', '15:43:21', 12345678, 1),
(149, 101, '19/5/2020', '12:13:17', 87654321, 2),
(150, 101, '19/5/2020', '12:13:21', 12345678, 2),
(151, 101, '19/5/2020', '12:13:22', 12345678, 2),
(152, 101, '19/5/2020', '12:13:23', 12345678, 2),
(153, 101, '19/5/2020', '12:13:24', 12345678, 2),
(154, 101, '19/5/2020', '15:43:23', 12345678, 1),
(155, 101, '19/5/2020', '15:43:24', 12345678, 1),
(156, 101, '19/5/2020', '15:43:25', 12345678, 1),
(157, 101, '19/5/2020', '15:43:26', 12345678, 1),
(158, 459, '19/5/2020', '15:43:27', 80268496, 1),
(159, 101, '19/5/2020', '12:13:25', 12345678, 2),
(160, 101, '19/5/2020', '12:13:26', 12345678, 2),
(161, 101, '19/5/2020', '12:13:29', 12345678, 2),
(162, 101, '19/5/2020', '12:13:30', 12345678, 2),
(163, 101, '19/5/2020', '12:13:31', 12345678, 2),
(164, 101, '19/5/2020', '15:43:29', 12345678, 1),
(165, 101, '19/5/2020', '15:43:30', 12345678, 1),
(166, 101, '19/5/2020', '15:43:31', 12345678, 1),
(167, 101, '19/5/2020', '15:43:32', 12345678, 1),
(168, 101, '19/5/2020', '12:13:33', 12345678, 2),
(169, 101, '19/5/2020', '12:13:34', 12345678, 2),
(170, 101, '19/5/2020', '12:13:35', 12345678, 2),
(171, 101, '19/5/2020', '15:43:33', 12345678, 1),
(172, 101, '19/5/2020', '15:43:34', 12345678, 1),
(173, 101, '19/5/2020', '15:43:35', 12345678, 1),
(174, 459, '19/5/2020', '12:13:45', 14811136, 2),
(175, 459, '19/5/2020', '15:43:43', 14811136, 1),
(176, 459, '19/5/2020', '15:43:44', 14811136, 1),
(177, 459, '19/5/2020', '15:43:47', 14811136, 1),
(178, 459, '19/5/2020', '12:13:46', 14811136, 2),
(179, 459, '19/5/2020', '12:13:47', 14811136, 2),
(180, 459, '19/5/2020', '12:13:48', 14811136, 2),
(181, 459, '19/5/2020', '15:43:48', 14811136, 1),
(182, 459, '19/5/2020', '15:43:49', 14811136, 1),
(183, 459, '19/5/2020', '12:13:50', 14811136, 2),
(184, 459, '19/5/2020', '12:13:51', 14811136, 2),
(185, 459, '19/5/2020', '15:43:50', 14811136, 1),
(186, 459, '19/5/2020', '15:43:55', 14811136, 1),
(187, 101, '19/5/2020', '15:44:0', 87654321, 1),
(188, 459, '19/5/2020', '12:13:52', 14811136, 2),
(189, 459, '19/5/2020', '12:13:53', 14811136, 2),
(190, 459, '19/5/2020', '12:13:54', 14811136, 2),
(191, 459, '19/5/2020', '12:13:55', 14811136, 2),
(192, 101, '19/5/2020', '16:5:0', 12345678, 1),
(193, 101, '19/5/2020', '16:5:1', 12345678, 1),
(194, 101, '19/5/2020', '16:5:2', 87654321, 1),
(195, 101, '19/5/2020', '16:5:3', 87654321, 1),
(196, 101, '19/5/2020', '16:5:4', 12345678, 1),
(197, 101, '19/5/2020', '12:35:3', 87654321, 2),
(198, 101, '19/5/2020', '16:56:3', 87654321, 1),
(199, 101, '19/5/2020', '13:26:4', 87654321, 2),
(200, 101, '19/5/2020', '13:26:5', 87654321, 2),
(201, 101, '19/5/2020', '13:26:6', 87654321, 2),
(202, 101, '19/5/2020', '13:26:7', 87654321, 2),
(203, 101, '19/5/2020', '13:26:8', 87654321, 2),
(204, 459, '19/5/2020', '16:56:8', 14811136, 1),
(205, 101, '19/5/2020', '16:56:9', 87654321, 1),
(206, 101, '19/5/2020', '16:56:11', 12345678, 1),
(207, 101, '19/5/2020', '13:26:9', 87654321, 2),
(208, 101, '19/5/2020', '13:26:10', 87654321, 2),
(209, 101, '19/5/2020', '13:26:11', 12345678, 2),
(210, 101, '19/5/2020', '13:26:12', 12345678, 2),
(211, 101, '19/5/2020', '13:26:13', 12345678, 2),
(212, 101, '19/5/2020', '16:56:12', 12345678, 1),
(213, 101, '19/5/2020', '16:56:13', 12345678, 1),
(214, 459, '19/5/2020', '13:26:32', 14811136, 2),
(215, 459, '19/5/2020', '16:56:31', 14811136, 1),
(216, 459, '19/5/2020', '16:56:34', 14811136, 1),
(217, 459, '19/5/2020', '16:56:35', 14811136, 1),
(218, 459, '19/5/2020', '13:26:34', 14811136, 2),
(219, 459, '19/5/2020', '13:26:35', 14811136, 2),
(220, 459, '19/5/2020', '13:26:36', 14811136, 2),
(221, 459, '19/5/2020', '16:56:36', 14811136, 1),
(222, 459, '19/5/2020', '16:56:37', 14811136, 1),
(223, 459, '19/5/2020', '14:14:26', 14811136, 2),
(224, 459, '19/5/2020', '18:9:27', 14811136, 1),
(225, 459, '19/5/2020', '14:39:27', 14811136, 2),
(226, 459, '19/5/2020', '18:9:28', 14811136, 1),
(227, 459, '19/5/2020', '18:9:31', 14811136, 1),
(228, 459, '19/5/2020', '14:39:40', 14811136, 2),
(229, 459, '19/5/2020', '14:39:42', 14811136, 2),
(230, 459, '19/5/2020', '14:39:43', 14811136, 2),
(231, 459, '19/5/2020', '18:9:41', 14811136, 1),
(232, 459, '19/5/2020', '18:9:44', 14811136, 1),
(233, 459, '19/5/2020', '14:39:44', 14811136, 2),
(234, 101, '19/5/2020', '18:9:47', 87654321, 1),
(235, 101, '19/5/2020', '18:9:49', 87654321, 1),
(236, 101, '19/5/2020', '18:9:50', 87654321, 1),
(237, 101, '19/5/2020', '18:9:51', 87654321, 1),
(238, 101, '19/5/2020', '14:39:50', 87654321, 2),
(239, 101, '19/5/2020', '14:39:52', 87654321, 2),
(240, 101, '19/5/2020', '14:39:56', 12345678, 2),
(241, 101, '19/5/2020', '18:9:53', 12345678, 1),
(242, 101, '19/5/2020', '18:9:54', 12345678, 1),
(243, 101, '19/5/2020', '18:9:55', 12345678, 1),
(244, 101, '19/5/2020', '18:9:57', 12345678, 1),
(245, 101, '19/5/2020', '18:9:58', 12345678, 1),
(246, 201, '20/5/2020', '13:35:41', 3, 1),
(247, 101, '20/5/2020', '13:36:33', 87654321, 1),
(248, 101, '20/5/2020', '13:36:34', 87654321, 1),
(249, 459, '20/5/2020', '13:55:50', 14811136, 1),
(250, 459, '20/5/2020', '13:55:53', 14811136, 1),
(251, 459, '20/5/2020', '13:55:54', 14811136, 1),
(252, 459, '20/5/2020', '13:55:55', 14811136, 1),
(253, 459, '20/5/2020', '13:55:56', 14811136, 1),
(254, 459, '20/5/2020', '13:55:58', 14811136, 1),
(255, 459, '20/5/2020', '13:55:59', 14811136, 1),
(256, 459, '20/5/2020', '13:56:1', 14811136, 1),
(257, 459, '20/5/2020', '13:56:2', 14811136, 1),
(258, 459, '20/5/2020', '14:2:58', 14811136, 1),
(259, 101, '20/5/2020', '14:3:3', 12345678, 1),
(260, 101, '20/5/2020', '14:3:5', 12345678, 1),
(261, 101, '20/5/2020', '14:3:6', 12345678, 1),
(262, 101, '20/5/2020', '14:3:12', 12345678, 1),
(263, 101, '20/5/2020', '14:3:14', 12345678, 1),
(264, 101, '20/5/2020', '14:4:50', 12345678, 1),
(265, 101, '20/5/2020', '14:4:55', 12345678, 1),
(266, 101, '20/5/2020', '14:5:3', 12345678, 1),
(267, 101, '20/5/2020', '14:5:20', 12345678, 1),
(268, 101, '20/5/2020', '14:5:39', 12345678, 1),
(269, 101, '20/5/2020', '14:5:44', 12345678, 1),
(270, 101, '20/5/2020', '14:5:45', 12345678, 1),
(271, 101, '20/5/2020', '14:6:13', 12345678, 1),
(272, 101, '20/5/2020', '14:6:15', 12345678, 1),
(273, 101, '20/5/2020', '14:6:29', 12345678, 1),
(274, 101, '20/5/2020', '14:6:36', 12345678, 1),
(275, 101, '20/5/2020', '14:8:31', 12345678, 1),
(276, 101, '20/5/2020', '14:15:46', 12345678, 1),
(277, 459, '20/5/2020', '14:33:50', 14811136, 1),
(278, 459, '20/5/2020', '14:33:51', 14811136, 1),
(279, 459, '20/5/2020', '14:33:52', 14811136, 1),
(280, 459, '20/5/2020', '14:33:54', 14811136, 1),
(281, 459, '20/5/2020', '14:33:55', 14811136, 1),
(282, 459, '20/5/2020', '14:33:57', 14811136, 1),
(283, 459, '20/5/2020', '14:33:58', 14811136, 1),
(284, 459, '20/5/2020', '14:34:0', 14811136, 1),
(285, 459, '20/5/2020', '14:34:1', 14811136, 1),
(286, 459, '20/5/2020', '14:34:3', 14811136, 1),
(287, 459, '20/5/2020', '14:34:4', 14811136, 1),
(288, 459, '20/5/2020', '14:34:6', 14811136, 1),
(289, 459, '20/5/2020', '14:34:7', 14811136, 1),
(290, 459, '20/5/2020', '14:34:9', 14811136, 1),
(291, 459, '20/5/2020', '14:34:10', 14811136, 1),
(292, 459, '20/5/2020', '14:34:12', 14811136, 1),
(293, 459, '20/5/2020', '14:34:13', 14811136, 1),
(294, 459, '20/5/2020', '14:34:15', 14811136, 1),
(295, 459, '20/5/2020', '14:34:16', 14811136, 1),
(296, 459, '20/5/2020', '14:34:18', 14811136, 1),
(297, 459, '20/5/2020', '14:34:19', 14811136, 1),
(298, 459, '20/5/2020', '14:34:21', 14811136, 1),
(299, 459, '20/5/2020', '14:34:22', 14811136, 1),
(300, 459, '20/5/2020', '14:34:24', 14811136, 1),
(301, 459, '20/5/2020', '14:34:25', 14811136, 1),
(302, 459, '20/5/2020', '14:34:27', 14811136, 1),
(303, 459, '20/5/2020', '14:34:28', 14811136, 1),
(304, 459, '20/5/2020', '14:34:30', 14811136, 1),
(305, 459, '20/5/2020', '14:34:31', 14811136, 1),
(306, 459, '20/5/2020', '14:34:33', 14811136, 1),
(307, 459, '20/5/2020', '14:34:34', 14811136, 1),
(308, 459, '20/5/2020', '14:34:36', 14811136, 1),
(309, 459, '20/5/2020', '14:34:37', 14811136, 1),
(310, 459, '20/5/2020', '14:34:39', 14811136, 1),
(311, 459, '20/5/2020', '14:34:40', 14811136, 1),
(312, 459, '20/5/2020', '14:34:42', 14811136, 1),
(313, 459, '20/5/2020', '14:34:43', 14811136, 1),
(314, 459, '20/5/2020', '14:34:45', 14811136, 1),
(315, 459, '20/5/2020', '14:34:46', 14811136, 1),
(316, 459, '20/5/2020', '14:34:48', 14811136, 1),
(317, 459, '20/5/2020', '14:34:49', 14811136, 1),
(318, 459, '20/5/2020', '14:34:51', 14811136, 1),
(319, 459, '20/5/2020', '14:34:53', 14811136, 1),
(320, 459, '20/5/2020', '14:34:54', 14811136, 1),
(321, 459, '20/5/2020', '14:34:56', 14811136, 1),
(322, 459, '20/5/2020', '14:34:57', 14811136, 1),
(323, 459, '20/5/2020', '14:34:59', 14811136, 1),
(324, 459, '20/5/2020', '14:35:0', 14811136, 1),
(325, 459, '20/5/2020', '14:35:2', 14811136, 1),
(326, 459, '20/5/2020', '14:35:3', 14811136, 1),
(327, 459, '20/5/2020', '14:35:5', 14811136, 1),
(328, 459, '20/5/2020', '14:35:6', 14811136, 1),
(329, 459, '20/5/2020', '14:35:8', 14811136, 1),
(330, 459, '20/5/2020', '14:35:9', 14811136, 1),
(331, 459, '20/5/2020', '14:35:11', 14811136, 1),
(332, 459, '20/5/2020', '14:35:12', 14811136, 1),
(333, 459, '20/5/2020', '14:35:14', 14811136, 1),
(334, 459, '20/5/2020', '14:35:15', 14811136, 1),
(335, 459, '20/5/2020', '14:35:17', 14811136, 1),
(336, 459, '20/5/2020', '14:35:18', 14811136, 1),
(337, 459, '20/5/2020', '14:35:20', 14811136, 1),
(338, 459, '20/5/2020', '14:35:21', 14811136, 1),
(339, 459, '20/5/2020', '14:35:23', 14811136, 1),
(340, 459, '20/5/2020', '14:35:24', 14811136, 1),
(341, 459, '20/5/2020', '14:35:26', 14811136, 1),
(342, 459, '20/5/2020', '14:35:27', 14811136, 1),
(343, 459, '20/5/2020', '14:35:29', 14811136, 1),
(344, 459, '20/5/2020', '14:35:30', 14811136, 1),
(345, 459, '20/5/2020', '14:35:31', 14811136, 1);

-- --------------------------------------------------------

--
-- Table structure for table `event_list`
--

CREATE TABLE `event_list` (
  `event_id` int(11) NOT NULL,
  `description` varchar(255) NOT NULL
) ENGINE=InnoDB DEFAULT CHARSET=utf8mb4;

--
-- Dumping data for table `event_list`
--

INSERT INTO `event_list` (`event_id`, `description`) VALUES
(101, 'User Allowed'),
(102, 'User Allowed - with Duress'),
(103, 'User Allowed - Anti Pass Back-soft'),
(104, 'User Allowed - Dead-man Zone'),
(105, 'User Allowed - Door Not open'),
(106, 'User Allowed - Smart Secure Access'),
(107, 'User Allowed - Smart card based route access - soft'),
(108, 'User Allowed - Panel route access - soft'),
(109, 'User Allowed - two person rule - primary user'),
(110, 'User Allowed - two person rule - secondary user'),
(151, 'User Denied - User Invalid'),
(152, 'User Denied - Occupancy Control'),
(153, 'User Denied - 2-Person Rule'),
(154, 'User Denied - Time Out'),
(155, 'User Denied - Visitor Escort Rule'),
(156, 'User Denied - Anti-Pass Back'),
(157, 'User Denied - Disabled User'),
(158, 'User Denied - Blocked User'),
(159, 'User Denied - First IN User'),
(160, 'User Denied - DND Enabled'),
(161, 'User Denied - Control Zone'),
(162, 'User Denied - Door Lock'),
(163, 'User Denied - Invalid Access Group'),
(164, 'User Denied - Validity date expired'),
(165, 'User Denied - Invalid Route Access'),
(166, 'User Denied - Invalid Shift Access'),
(167, 'User Denied - Invalid Access Cluster'),
(171, 'Visitor Denied'),
(172, 'User Denied - FP Sensor Busy'),
(201, 'Door Status Changed'),
(202, 'Dead-man Timer Changed'),
(203, 'DND Status Changed'),
(204, 'Aux Input Status Changed'),
(205, 'Aux Output Status Changed'),
(206, 'Door Sense Input Status'),
(207, 'Door Controller Communication Status'),
(208, 'Door Open/Close'),
(209, 'Lock Relay Status Changed'),
(301, 'Dead-man Timer Expired Alarm - User IN'),
(302, 'Duress Detection'),
(303, 'Panic Alarm'),
(304, 'FP Memory Full - Alarm'),
(305, 'Door Held Open Too Long'),
(306, 'Door Abnormal'),
(307, 'Door Force Open'),
(308, 'Door Controller Offline'),
(309, 'Door Controller - Fault'),
(310, 'Tamper Alarm'),
(311, 'Master Controller Mains Fail Alarm'),
(312, 'Master Controller Battery Fail'),
(313, 'Master Alarm - MC Alarm Input'),
(314, 'RTC'),
(315, 'Event Buffer Full'),
(317, 'Intercom - Panic'),
(318, 'Occupancy Violated Alarm'),
(319, 'Tail - Gating Alarm'),
(320, 'Man Trap Timer Violated Alarm'),
(321, 'Access Denied Alarm'),
(322, 'Multiple Unauthorized Access Alarm'),
(323, 'Custom Alarm 1'),
(324, 'Custom Alarm 2'),
(325, 'Custom Alarm 3'),
(326, 'User Unidentified'),
(327, 'Anti-Pass Back Violated Alarm'),
(328, 'Access Route Violated Alarm'),
(329, 'Raise Alarm'),
(351, 'Alarm Acknowledged'),
(352, 'Alarm Cleared'),
(353, 'Alarm Re-Issued'),
(401, 'User Block/Restore'),
(402, 'Login To ACS'),
(403, 'Message Transaction Confirmation To ACMS'),
(404, 'Guard Tour - Status'),
(405, 'Enrollment'),
(406, 'Master Alarm Sense Input Status'),
(407, 'Master Aux Output Status'),
(408, 'Input Output Group Link Status'),
(409, 'Credentials Deleted'),
(410, 'Time Triggered Function'),
(411, 'Time Stamping Function'),
(412, 'Guard Tag'),
(413, 'Camera Event For Timestamp'),
(451, 'Configuration Change'),
(452, 'Roll Over Of Events'),
(453, 'Master Controller Power On'),
(454, 'Configuration Defaulted'),
(455, 'Soft Override'),
(456, 'Backup And Update'),
(457, 'Default System'),
(458, 'Sensor Calibration'),
(459, 'User Denied - Invalid Card'),
(460, 'User PIN Change');

-- --------------------------------------------------------

--
-- Table structure for table `hosts`
--

CREATE TABLE `hosts` (
  `id` int(11) NOT NULL,
  `host_name` varchar(255) NOT NULL,
  `host_ip` varchar(16) NOT NULL,
  `host_user` varchar(255) NOT NULL,
  `host_passwd` varchar(255) NOT NULL,
  `host_status` char(1) NOT NULL
) ENGINE=InnoDB DEFAULT CHARSET=latin1;

--
-- Dumping data for table `hosts`
--

INSERT INTO `hosts` (`id`, `host_name`, `host_ip`, `host_user`, `host_passwd`, `host_status`) VALUES
(1, 'G1', '10.70.3.101', 'admin', '888888', 'A'),
(2, 'G2', '10.70.3.102', 'admin', '888888', 'A'),
(3, 'G3', '10.70.3.103', 'admin', '888888', 'A'),
(5, 'G4', '10.70.3.104', 'admin', '888888', 'A'),
(6, 'G5', '10.70.3.105', 'admin', '888888', 'A'),
(7, 'G6', '10.70.3.106', 'admin', '888888', 'A'),
(8, 'G7', '10.70.3.107', 'admin', '888888', 'A'),
(9, 'G8', '10.70.3.108', 'admin', '888888', 'A'),
(10, 'G9', '10.70.3.109', 'admin', '888888', 'A'),
(11, 'G10', '10.70.3.110', 'admin', '888888', 'A');

-- --------------------------------------------------------

--
-- Table structure for table `used_disabled_tickets`
--

CREATE TABLE `used_disabled_tickets` (
  `id` int(11) NOT NULL,
  `ticket_no` varchar(255) NOT NULL,
  `date` timestamp NOT NULL DEFAULT current_timestamp()
) ENGINE=InnoDB DEFAULT CHARSET=latin1;

--
-- Indexes for dumped tables
--

--
-- Indexes for table `apiusers`
--
ALTER TABLE `apiusers`
  ADD PRIMARY KEY (`id`);

--
-- Indexes for table `barcodes`
--
ALTER TABLE `barcodes`
  ADD PRIMARY KEY (`id`);

--
-- Indexes for table `boomgates`
--
ALTER TABLE `boomgates`
  ADD PRIMARY KEY (`id`);

--
-- Indexes for table `boomseqnos`
--
ALTER TABLE `boomseqnos`
  ADD PRIMARY KEY (`id`);

--
-- Indexes for table `events`
--
ALTER TABLE `events`
  ADD PRIMARY KEY (`id`);

--
-- Indexes for table `event_list`
--
ALTER TABLE `event_list`
  ADD PRIMARY KEY (`event_id`);

--
-- Indexes for table `hosts`
--
ALTER TABLE `hosts`
  ADD PRIMARY KEY (`id`);

--
-- Indexes for table `used_disabled_tickets`
--
ALTER TABLE `used_disabled_tickets`
  ADD PRIMARY KEY (`id`);

--
-- AUTO_INCREMENT for dumped tables
--

--
-- AUTO_INCREMENT for table `apiusers`
--
ALTER TABLE `apiusers`
  MODIFY `id` int(11) NOT NULL AUTO_INCREMENT, AUTO_INCREMENT=4;

--
-- AUTO_INCREMENT for table `barcodes`
--
ALTER TABLE `barcodes`
  MODIFY `id` int(11) NOT NULL AUTO_INCREMENT, AUTO_INCREMENT=5;

--
-- AUTO_INCREMENT for table `boomgates`
--
ALTER TABLE `boomgates`
  MODIFY `id` int(11) NOT NULL AUTO_INCREMENT, AUTO_INCREMENT=3;

--
-- AUTO_INCREMENT for table `boomseqnos`
--
ALTER TABLE `boomseqnos`
  MODIFY `id` int(11) NOT NULL AUTO_INCREMENT, AUTO_INCREMENT=3;

--
-- AUTO_INCREMENT for table `events`
--
ALTER TABLE `events`
  MODIFY `id` int(11) NOT NULL AUTO_INCREMENT, AUTO_INCREMENT=346;

--
-- AUTO_INCREMENT for table `hosts`
--
ALTER TABLE `hosts`
  MODIFY `id` int(11) NOT NULL AUTO_INCREMENT, AUTO_INCREMENT=12;

--
-- AUTO_INCREMENT for table `used_disabled_tickets`
--
ALTER TABLE `used_disabled_tickets`
  MODIFY `id` int(11) NOT NULL AUTO_INCREMENT;
COMMIT;

/*!40101 SET CHARACTER_SET_CLIENT=@OLD_CHARACTER_SET_CLIENT */;
/*!40101 SET CHARACTER_SET_RESULTS=@OLD_CHARACTER_SET_RESULTS */;
/*!40101 SET COLLATION_CONNECTION=@OLD_COLLATION_CONNECTION */;
